﻿<?xml version="1.0" ?>
<install type="module" version="1.5.0">
    <name>SuperWebMailer Newsletter Anmeldung</name>
    <creationDate>02-18-2008</creationDate>
    <author>Mirko Böer</author>
    <copyright>Copyright © 2001-2009 Mirko Böer, Leipzig</copyright>
    <license>http://www.superwebmailer.de/</license>
    <authorEmail>info@superwebmailer.de</authorEmail>
    <authorUrl>http://www.superwebmailer.de</authorUrl>
    <version>1.0</version>
    <description>Newsletteran-/abmeldeformular für SuperWebMailer</description>
    <files>
       <filename module="mod_swm">mod_swm.php</filename>
    </files>
    <params>
      <param name="moduleclass_sfx" type="text" default="moduletable" label="Module Class Suffix" description="PARAMMODULECLASSSUFFIX" />
      <param name="module_description" type="text" default="Newsletteranmeldung" label="Module description" description="Der Text wird über der Box gezeigt" />

      <param name="swm_url_to_nl_php" type="text" default="http://.../swm/nl.php" label="Komplette URL zur nl.php" description="Geben Sie die komplette URL für den Aufruf des Scripts nl.php im SuperWebMailer-Verzeichnis ein." />
      <param name="swm_MailinglistId" type="text" default="1" label="Mailinglisten-ID" description="Geben Sie die Mailinglisten-ID ein." />
      <param name="swm_FormId" type="text" default="1" label="Form-ID" description="Geben Sie die Formular-ID ein." />

      <param name="swm_FormEncoding" type="list" default="utf-8" label="Zeichencodierung der Webseite" description="Geben Sie die Zeichencodierung der Webseite ein.">
    			<option value="utf-8">UTF-8</option>
    			<option value="iso-8859-1">iso-8859-1</option>
    		</param>


      <param name="swm_salutation_visible" type="list" default="0" label="Anrede-Feld sichtbar?" description="">
    			<option value="1">Ja</option>
    			<option value="0">Nein</option>
    		</param>
      <param name="swm_name_visible" type="list" default="0" label="Name-Feld sichtbar?" description="">
    			<option value="1">Ja</option>
    			<option value="0">Nein</option>
    		</param>
      <param name="swm_firstname_visible" type="list" default="0" label="Vorname-Feld sichtbar?" description="">
    			<option value="1">Ja</option>
    			<option value="0">Nein</option>
    		</param>

      <param name="swm_poweredby_visible" type="list" default="1" label="powered by SuperWebMailer sichtbar?" description="">
    			<option value="1">Ja</option>
    			<option value="0">Nein</option>
    		</param>

      <param name="swm_salutation_desc" type="text" default="Anrede:" label="Bezeichnung für Anrede" description="" />
      <param name="swm_name_desc" type="text" default="Name:" label="Bezeichnung für Name" description="" />
      <param name="swm_firstname_desc" type="text" default="Vorname:" label="Bezeichnung für Vorname" description="" />

      <param name="swm_email_desc" type="text" default="Ihre E-Mail-Adresse:" label="Bezeichnung für E-Mail-Adresse" description="" />


      <param name="swm_newsletter_action_desc" type="text" default="Sie möchten sich zu unserem Newsletter" label="Bezeichnung für den Text über den Radiobuttons" description="" />
      <param name="swm_sub_rb_desc" type="text" default="anmelden" label="Bezeichnung für die Auswahl &quot;Anmelden&quot;" description="" />
      <param name="swm_unsub_rb_desc" type="text" default="abmelden" label="Bezeichnung für die Auswahl &quot;Abmelden&quot;" description="" />

      <param name="swm_submit_btn_desc" type="text" default="Absenden" label="Bezeichnung für den &quot;Absenden-Button&quot;" description="" />
    </params>
</install>
